Customer ID,Customer Name,Gender,Age,Country,Customer Since,Sales Amount
1001,David,Female,64,Germany,2015-01-01,149.01
1002,Emily,Male,29,China,2015-01-02,415.29
1003,Sara,Male,33,France,2015-01-03,513.28
1004,David,Male,41,Egypt,2015-01-04,669.61
1005,Doe,Male,36,Germany,2015-01-05,953.0
1006,Fatima,Male,25,France,2015-01-06,620.62
1007,Sara,Female,48,India,2015-01-07,756.41
1008,Sara,Male,38,China,2015-01-08,530.95
1009,David,Female,34,Egypt,2015-01-09,652.4
1010,John,Female,40,Germany,2015-01-10,117.39
1011,Doe,Male,54,France,2015-01-11,291.67
1012,David,Male,33,France,2015-01-12,393.76
1013,Doe,Female,23,Egypt,2015-01-13,498.87
1014,Doe,Male,25,India,2015-01-14,93.37
1015,Fatima,Male,42,Egypt,2015-01-15,183.02
1016,Sara,Female,35,France,2015-01-16,312.97
1017,Emily,Female,42,USA,2015-01-17,972.96
1018,Fatima,Male,29,Germany,2015-01-18,364.78
1019,Fatima,Female,32,Egypt,2015-01-19,507.94
1020,Doe,Male,43,France,2015-01-20,236.29
1021,Michael,Male,58,India,2015-01-21,630.24
1022,Sara,Male,62,France,2015-01-22,316.65
1023,John,Female,43,India,2015-01-23,246.64
1024,Fatima,Female,64,Egypt,2015-01-24,540.74
1025,Emily,Female,49,India,2015-01-25,55.23
1026,Michael,Female,27,China,2015-01-26,57.28
1027,Michael,Female,33,China,2015-01-27,258.12
1028,John,Male,24,China,2015-01-28,84.89
1029,Fatima,Male,34,USA,2015-01-29,152.62
1030,Emily,Male,40,Egypt,2015-01-30,371.92
1031,Sara,Male,43,France,2015-01-31,812.46
1032,Ahmed,Female,38,France,2015-02-01,593.45
1033,Emily,Male,39,USA,2015-02-02,537.03
1034,John,Female,24,India,2015-02-03,328.81
1035,Michael,Male,31,USA,2015-02-04,935.17
1036,Sara,Female,32,India,2015-02-05,427.16
1037,Emily,Female,24,India,2015-02-06,132.74
1038,Ahmed,Male,26,Germany,2015-02-07,636.21
1039,Ahmed,Male,68,France,2015-02-08,158.15
1040,Doe,Male,65,China,2015-02-09,377.96
1041,Doe,Male,25,India,2015-02-10,532.04
1042,David,Female,67,Germany,2015-02-11,880.51
1043,John,Male,40,France,2015-02-12,518.87
1044,Fatima,Male,46,China,2015-02-13,717.15
1045,Emily,Female,35,India,2015-02-14,993.18
1046,Emily,Male,48,India,2015-02-15,174.91
1047,Fatima,Male,47,USA,2015-02-16,310.99
1048,David,Male,69,USA,2015-02-17,424.85
1049,Michael,Male,56,France,2015-02-18,450.74
1050,Michael,Male,52,China,2015-02-19,440.47
1051,David,Female,35,India,2015-02-20,912.23
1052,Michael,Male,59,France,2015-02-21,728.33
1053,Doe,Male,56,France,2015-02-22,627.51
1054,Emily,Male,34,Egypt,2015-02-23,343.9
1055,David,Male,31,USA,2015-02-24,832.6
1056,Emily,Male,48,China,2015-02-25,957.31
1057,Fatima,Female,41,India,2015-02-26,830.14
1058,Ahmed,Male,52,France,2015-02-27,51.49
1059,Doe,Female,61,India,2015-02-28,654.58
1060,Sara,Female,62,Egypt,2015-03-01,98.58
1061,Doe,Male,51,China,2015-03-02,294.73
1062,David,Male,20,France,2015-03-03,106.55
1063,Sara,Male,54,India,2015-03-04,623.61
1064,Ahmed,Male,60,USA,2015-03-05,702.26
1065,David,Female,57,Egypt,2015-03-06,158.76
1066,John,Male,43,China,2015-03-07,414.65
1067,Emily,Male,40,Egypt,2015-03-08,483.42
1068,Ahmed,Male,61,USA,2015-03-09,400.6
1069,Emily,Male,56,China,2015-03-10,164.97
1070,Michael,Male,32,Egypt,2015-03-11,448.0
1071,John,Male,66,Germany,2015-03-12,763.62
1072,John,Female,21,USA,2015-03-13,117.46
1073,Ahmed,Female,46,USA,2015-03-14,126.17
1074,John,Male,39,USA,2015-03-15,387.03
1075,Sara,Male,42,Germany,2015-03-16,944.64
1076,John,Male,30,Germany,2015-03-17,685.14
1077,Emily,Female,35,India,2015-03-18,694.74
1078,Emily,Male,50,France,2015-03-19,393.82
1079,David,Female,33,Egypt,2015-03-20,613.98
1080,Emily,Male,62,India,2015-03-21,59.62
1081,David,Male,59,Egypt,2015-03-22,654.29
1082,Emily,Male,61,France,2015-03-23,917.62
1083,Sara,Male,19,Germany,2015-03-24,631.94
1084,Fatima,Female,52,France,2015-03-25,880.01
1085,David,Female,59,Germany,2015-03-26,737.77
1086,Doe,Male,51,France,2015-03-27,164.53
1087,Michael,Male,47,India,2015-03-28,907.33
1088,Ahmed,Female,30,China,2015-03-29,113.12
1089,Emily,Female,30,India,2015-03-30,557.27
1090,John,Female,35,Egypt,2015-03-31,185.03
1091,Fatima,Female,49,India,2015-04-01,61.12
1092,Emily,Male,49,USA,2015-04-02,450.93
1093,John,Female,52,Egypt,2015-04-03,330.29
1094,Michael,Male,56,France,2015-04-04,511.7
1095,Michael,Female,63,Egypt,2015-04-05,598.34
1096,Michael,Female,69,China,2015-04-06,91.55
1097,John,Female,46,Germany,2015-04-07,166.85
1098,Emily,Female,66,France,2015-04-08,580.71
1099,Michael,Female,46,Egypt,2015-04-09,376.01
1100,Sara,Male,61,France,2015-04-10,742.71
1101,David,Male,33,France,2015-04-11,669.68
1102,John,Female,61,France,2015-04-12,853.32
1103,John,Female,64,Germany,2015-04-13,707.87
1104,Emily,Male,27,India,2015-04-14,458.43
1105,John,Female,47,France,2015-04-15,689.32
1106,John,Female,42,USA,2015-04-16,311.61
1107,Michael,Male,56,China,2015-04-17,341.0
1108,Emily,Female,37,Germany,2015-04-18,799.54
1109,Michael,Female,22,Egypt,2015-04-19,474.1
1110,David,Male,18,Germany,2015-04-20,808.46
1111,Fatima,Male,47,Egypt,2015-04-21,831.3
1112,David,Male,66,Germany,2015-04-22,864.68
1113,Fatima,Female,20,Egypt,2015-04-23,920.8
1114,Michael,Male,62,France,2015-04-24,459.44
1115,David,Male,31,India,2015-04-25,352.92
1116,Emily,Male,47,Egypt,2015-04-26,603.09
1117,Ahmed,Male,67,Egypt,2015-04-27,402.61
1118,Michael,Male,21,USA,2015-04-28,621.02
1119,Fatima,Male,35,Egypt,2015-04-29,720.31
1120,Sara,Female,54,USA,2015-04-30,703.98
1121,Fatima,Female,42,China,2015-05-01,405.83
1122,Sara,Male,65,France,2015-05-02,208.52
1123,John,Male,18,USA,2015-05-03,459.0
1124,David,Male,63,India,2015-05-04,185.46
1125,Sara,Female,32,France,2015-05-05,895.59
1126,Fatima,Female,26,USA,2015-05-06,378.58
1127,John,Female,32,France,2015-05-07,196.74
1128,Ahmed,Female,66,France,2015-05-08,74.18
1129,Emily,Female,41,France,2015-05-09,663.53
1130,Emily,Female,21,China,2015-05-10,655.06
1131,Emily,Female,29,India,2015-05-11,373.57
1132,Sara,Female,54,Germany,2015-05-12,118.13
1133,Ahmed,Female,54,Germany,2015-05-13,439.15
1134,Sara,Male,60,USA,2015-05-14,345.66
1135,David,Male,23,France,2015-05-15,693.26
1136,Sara,Male,56,USA,2015-05-16,625.49
1137,Ahmed,Male,63,China,2015-05-17,396.36
1138,Ahmed,Female,41,China,2015-05-18,257.0
1139,David,Female,28,Egypt,2015-05-19,988.63
1140,Ahmed,Male,30,China,2015-05-20,481.3
1141,Fatima,Female,51,Egypt,2015-05-21,703.86
1142,Ahmed,Male,42,India,2015-05-22,183.53
1143,Emily,Female,24,USA,2015-05-23,511.31
1144,Fatima,Male,69,India,2015-05-24,76.16
1145,Fatima,Female,21,China,2015-05-25,530.18
1146,David,Female,25,India,2015-05-26,965.82
1147,Doe,Male,37,India,2015-05-27,415.0
1148,Doe,Female,46,India,2015-05-28,87.05
1149,Ahmed,Male,68,China,2015-05-29,79.41
1150,Fatima,Male,62,France,2015-05-30,418.59
1151,Doe,Male,63,India,2015-05-31,202.02
1152,Doe,Male,27,Egypt,2015-06-01,72.18
1153,Ahmed,Female,60,China,2015-06-02,768.4
1154,Doe,Female,51,India,2015-06-03,485.6
1155,Sara,Female,43,France,2015-06-04,324.78
1156,John,Male,58,China,2015-06-05,905.08
1157,David,Female,66,Germany,2015-06-06,160.33
1158,John,Male,20,France,2015-06-07,958.12
1159,Ahmed,Female,23,Egypt,2015-06-08,348.27
1160,Emily,Female,22,India,2015-06-09,893.98
1161,David,Female,22,Germany,2015-06-10,622.8
1162,Ahmed,Male,64,Germany,2015-06-11,835.37
1163,Fatima,Female,40,China,2015-06-12,984.81
1164,Emily,Female,66,Germany,2015-06-13,323.99
1165,John,Male,26,Egypt,2015-06-14,963.08
1166,Ahmed,Female,52,Egypt,2015-06-15,420.01
1167,Fatima,Male,37,USA,2015-06-16,416.24
1168,David,Female,66,Egypt,2015-06-17,373.37
1169,David,Male,59,France,2015-06-18,564.34
1170,Michael,Male,52,Germany,2015-06-19,196.44
1171,Fatima,Female,67,Egypt,2015-06-20,576.03
1172,Sara,Male,35,China,2015-06-21,564.62
1173,Doe,Male,34,USA,2015-06-22,773.81
1174,Emily,Male,41,Germany,2015-06-23,841.97
1175,Fatima,Male,20,USA,2015-06-24,468.42
1176,Michael,Male,49,Germany,2015-06-25,337.22
1177,Doe,Male,52,China,2015-06-26,296.37
1178,Doe,Female,55,USA,2015-06-27,234.89
1179,Ahmed,Male,30,India,2015-06-28,104.77
1180,Doe,Male,64,France,2015-06-29,375.33
1181,Sara,Female,42,France,2015-06-30,306.74
1182,David,Female,26,Germany,2015-07-01,968.1
1183,Michael,Female,21,India,2015-07-02,579.82
1184,Doe,Female,31,USA,2015-07-03,379.91
1185,Ahmed,Female,54,India,2015-07-04,601.44
1186,Sara,Female,51,India,2015-07-05,182.24
1187,John,Female,28,USA,2015-07-06,471.84
1188,David,Male,58,China,2015-07-07,644.92
1189,David,Male,20,India,2015-07-08,514.45
1190,Michael,Female,45,India,2015-07-09,431.69
1191,David,Male,46,China,2015-07-10,994.16
1192,Doe,Male,26,India,2015-07-11,886.3
1193,Ahmed,Male,20,India,2015-07-12,642.24
1194,David,Female,42,India,2015-07-13,590.91
1195,David,Female,51,France,2015-07-14,639.63
1196,John,Male,29,Egypt,2015-07-15,241.25
1197,John,Female,59,China,2015-07-16,425.38
1198,Emily,Male,26,India,2015-07-17,87.49
1199,Sara,Male,32,France,2015-07-18,501.77
1200,Doe,Male,57,China,2015-07-19,565.87
1201,David,Male,42,Germany,2015-07-20,266.36
1202,Fatima,Female,22,Germany,2015-07-21,965.83
1203,David,Female,28,India,2015-07-22,913.98
1204,Ahmed,Female,51,France,2015-07-23,736.04
1205,Emily,Male,41,France,2015-07-24,556.72
1206,Sara,Female,32,China,2015-07-25,876.47
1207,Fatima,Male,55,China,2015-07-26,174.12
1208,Emily,Female,25,France,2015-07-27,800.98
1209,Michael,Male,22,China,2015-07-28,168.58
1210,Sara,Male,65,France,2015-07-29,804.5
1211,David,Male,43,Egypt,2015-07-30,311.98
1212,David,Female,35,France,2015-07-31,883.24
1213,Sara,Female,23,Germany,2015-08-01,946.84
1214,David,Female,54,China,2015-08-02,191.36
1215,Doe,Female,65,France,2015-08-03,489.54
1216,Sara,Male,30,France,2015-08-04,981.94
1217,Emily,Female,45,China,2015-08-05,509.24
1218,Sara,Female,22,Egypt,2015-08-06,870.37
1219,Fatima,Male,30,Egypt,2015-08-07,609.29
1220,David,Male,34,China,2015-08-08,406.56
1221,Doe,Male,67,USA,2015-08-09,321.49
1222,Doe,Female,57,China,2015-08-10,243.06
1223,Michael,Male,62,China,2015-08-11,773.71
1224,Emily,Male,49,Egypt,2015-08-12,417.21
1225,John,Male,46,Egypt,2015-08-13,535.71
1226,John,Female,68,China,2015-08-14,517.71
1227,Sara,Male,20,China,2015-08-15,598.42
1228,Michael,Female,57,China,2015-08-16,872.3
1229,Ahmed,Female,51,Egypt,2015-08-17,981.7
1230,Sara,Male,57,China,2015-08-18,437.2
1231,Michael,Male,44,China,2015-08-19,836.14
1232,Emily,Female,30,India,2015-08-20,776.3
1233,Emily,Male,62,USA,2015-08-21,594.85
1234,Emily,Male,50,Germany,2015-08-22,958.24
1235,Emily,Female,23,USA,2015-08-23,240.45
1236,Emily,Female,41,India,2015-08-24,153.8
1237,Michael,Male,36,Germany,2015-08-25,861.26
1238,Michael,Female,33,China,2015-08-26,467.19
1239,Doe,Male,57,India,2015-08-27,854.62
1240,Fatima,Male,45,China,2015-08-28,898.44
1241,John,Male,50,Egypt,2015-08-29,109.33
1242,David,Female,65,France,2015-08-30,889.29
1243,Emily,Male,58,India,2015-08-31,475.9
1244,Ahmed,Male,30,Egypt,2015-09-01,534.91
1245,David,Male,60,India,2015-09-02,645.26
1246,Michael,Female,62,India,2015-09-03,930.06
1247,Ahmed,Female,42,Egypt,2015-09-04,68.16
1248,Ahmed,Female,59,Germany,2015-09-05,503.0
1249,Ahmed,Female,53,USA,2015-09-06,703.34
1250,Doe,Female,44,China,2015-09-07,736.57
1251,Michael,Male,55,India,2015-09-08,707.91
1252,Ahmed,Female,24,China,2015-09-09,177.71
1253,Emily,Female,22,France,2015-09-10,334.43
1254,Sara,Female,60,Egypt,2015-09-11,390.78
1255,Ahmed,Male,62,China,2015-09-12,814.22
1256,Doe,Female,68,Egypt,2015-09-13,314.82
1257,David,Female,48,China,2015-09-14,250.17
1258,Michael,Male,40,USA,2015-09-15,959.58
1259,Fatima,Female,59,USA,2015-09-16,58.42
1260,Doe,Male,27,USA,2015-09-17,997.93
1261,Ahmed,Male,49,USA,2015-09-18,692.98
1262,Michael,Male,60,USA,2015-09-19,837.05
1263,Sara,Male,47,USA,2015-09-20,329.89
1264,Ahmed,Male,56,Egypt,2015-09-21,63.6
1265,Doe,Female,48,India,2015-09-22,750.98
1266,John,Male,35,China,2015-09-23,842.44
1267,Emily,Male,53,USA,2015-09-24,753.45
1268,Fatima,Female,19,Egypt,2015-09-25,185.71
1269,David,Male,31,Egypt,2015-09-26,765.76
1270,Doe,Female,30,Egypt,2015-09-27,780.48
1271,Michael,Female,46,India,2015-09-28,675.61
1272,Fatima,Female,29,China,2015-09-29,777.81
1273,Fatima,Male,56,India,2015-09-30,853.63
1274,Fatima,Male,19,Germany,2015-10-01,632.92
1275,Ahmed,Male,49,Egypt,2015-10-02,134.17
1276,Emily,Female,30,Germany,2015-10-03,513.25
1277,Ahmed,Male,63,France,2015-10-04,123.77
1278,Michael,Male,44,USA,2015-10-05,437.17
1279,Ahmed,Male,66,USA,2015-10-06,436.75
1280,John,Female,58,India,2015-10-07,112.71
1281,Emily,Female,34,China,2015-10-08,381.38
1282,Emily,Male,57,Germany,2015-10-09,155.45
1283,Michael,Male,48,China,2015-10-10,817.82
1284,David,Male,51,India,2015-10-11,950.3
1285,John,Male,41,USA,2015-10-12,118.7
1286,Doe,Female,62,China,2015-10-13,957.36
1287,Ahmed,Female,52,China,2015-10-14,546.45
1288,Sara,Female,65,USA,2015-10-15,334.59
1289,Ahmed,Female,23,Germany,2015-10-16,123.02
1290,Fatima,Male,36,USA,2015-10-17,525.59
1291,Ahmed,Male,47,China,2015-10-18,804.79
1292,Doe,Male,24,Germany,2015-10-19,721.73
1293,Ahmed,Female,27,Germany,2015-10-20,97.71
1294,John,Male,58,USA,2015-10-21,119.26
1295,John,Female,49,China,2015-10-22,432.73
1296,Emily,Female,51,India,2015-10-23,330.53
1297,Michael,Male,45,China,2015-10-24,270.77
1298,David,Male,32,Egypt,2015-10-25,316.95
1299,Sara,Male,47,France,2015-10-26,813.31
1300,Fatima,Female,54,India,2015-10-27,932.77
1301,Ahmed,Male,46,Germany,2015-10-28,434.85
1302,Ahmed,Female,39,India,2015-10-29,910.81
1303,Doe,Male,21,Germany,2015-10-30,355.42
1304,Michael,Female,37,Germany,2015-10-31,502.62
1305,John,Female,49,India,2015-11-01,264.73
1306,Sara,Male,53,Germany,2015-11-02,658.45
1307,Emily,Female,67,Germany,2015-11-03,980.03
1308,John,Female,21,Egypt,2015-11-04,623.32
1309,Fatima,Male,44,China,2015-11-05,389.92
1310,Michael,Female,34,China,2015-11-06,665.43
1311,Fatima,Male,29,France,2015-11-07,166.77
1312,David,Female,39,France,2015-11-08,894.23
1313,Emily,Male,34,Egypt,2015-11-09,527.93
1314,David,Male,27,France,2015-11-10,476.88
1315,Doe,Female,18,India,2015-11-11,606.57
1316,Fatima,Female,39,USA,2015-11-12,643.54
1317,Doe,Female,43,USA,2015-11-13,118.19
1318,Ahmed,Female,35,USA,2015-11-14,698.49
1319,David,Female,67,Egypt,2015-11-15,279.84
1320,Michael,Male,31,Egypt,2015-11-16,728.26
1321,Fatima,Female,64,Germany,2015-11-17,831.41
1322,Sara,Male,46,USA,2015-11-18,813.76
1323,Emily,Male,29,India,2015-11-19,574.88
1324,John,Female,53,France,2015-11-20,544.16
1325,Michael,Male,52,India,2015-11-21,185.73
1326,Michael,Male,69,France,2015-11-22,786.58
1327,Doe,Male,29,USA,2015-11-23,307.84
1328,David,Male,24,USA,2015-11-24,521.86
1329,Fatima,Female,46,USA,2015-11-25,320.06
1330,Fatima,Male,28,Egypt,2015-11-26,177.14
1331,Ahmed,Female,50,France,2015-11-27,648.08
1332,Ahmed,Female,23,Egypt,2015-11-28,101.62
1333,Emily,Male,64,Egypt,2015-11-29,761.21
1334,Doe,Female,32,China,2015-11-30,351.71
1335,Michael,Female,49,India,2015-12-01,50.13
1336,Fatima,Female,68,India,2015-12-02,535.57
1337,Sara,Male,28,Germany,2015-12-03,94.51
1338,Doe,Female,40,Egypt,2015-12-04,312.36
1339,Emily,Female,43,France,2015-12-05,721.63
1340,Emily,Female,51,China,2015-12-06,109.56
1341,Doe,Male,63,China,2015-12-07,847.37
1342,Emily,Female,51,India,2015-12-08,53.63
1343,Doe,Male,46,Egypt,2015-12-09,284.48
1344,John,Male,21,Germany,2015-12-10,753.86
1345,Doe,Male,34,Egypt,2015-12-11,350.46
1346,David,Male,52,USA,2015-12-12,146.8
1347,Doe,Male,30,Egypt,2015-12-13,392.22
1348,Emily,Male,58,USA,2015-12-14,306.87
1349,Fatima,Female,56,USA,2015-12-15,850.58
1350,David,Male,32,Germany,2015-12-16,347.68
1351,Emily,Female,46,France,2015-12-17,799.49
1352,Ahmed,Female,46,India,2015-12-18,897.28
1353,Ahmed,Male,28,Egypt,2015-12-19,462.13
1354,Fatima,Female,69,USA,2015-12-20,914.45
1355,Fatima,Female,49,Egypt,2015-12-21,408.45
1356,David,Female,19,France,2015-12-22,965.87
1357,John,Female,64,India,2015-12-23,134.83
1358,Fatima,Male,31,France,2015-12-24,702.67
1359,Ahmed,Female,37,India,2015-12-25,519.12
1360,Doe,Male,39,China,2015-12-26,418.27
1361,Emily,Female,28,India,2015-12-27,651.08
1362,Ahmed,Female,44,Germany,2015-12-28,718.66
1363,Ahmed,Male,20,France,2015-12-29,54.15
1364,John,Female,34,USA,2015-12-30,208.61
1365,David,Female,61,China,2015-12-31,727.39
1366,David,Female,45,Germany,2016-01-01,683.07
1367,Michael,Male,46,Egypt,2016-01-02,967.75
1368,John,Female,38,France,2016-01-03,772.99
1369,Doe,Male,64,USA,2016-01-04,953.23
1370,David,Female,33,India,2016-01-05,717.41
1371,Emily,Male,54,USA,2016-01-06,333.15
1372,Fatima,Male,37,Egypt,2016-01-07,150.1
1373,John,Female,23,China,2016-01-08,792.73
1374,Fatima,Female,36,China,2016-01-09,661.94
1375,Ahmed,Male,22,France,2016-01-10,95.78
1376,Emily,Male,20,China,2016-01-11,392.05
1377,Emily,Female,18,France,2016-01-12,958.96
1378,Ahmed,Male,55,France,2016-01-13,525.38
1379,John,Female,32,France,2016-01-14,461.09
1380,Ahmed,Female,51,India,2016-01-15,484.81
1381,Fatima,Female,52,Germany,2016-01-16,248.44
1382,Michael,Female,66,France,2016-01-17,400.27
1383,Emily,Male,42,France,2016-01-18,401.32
1384,Sara,Female,41,Germany,2016-01-19,99.74
1385,Sara,Male,29,USA,2016-01-20,779.19
1386,Fatima,Female,35,France,2016-01-21,445.68
1387,Doe,Male,32,India,2016-01-22,831.07
1388,David,Female,61,China,2016-01-23,857.83
1389,Ahmed,Male,33,China,2016-01-24,251.39
1390,Ahmed,Male,44,Egypt,2016-01-25,674.49
1391,Doe,Female,25,Egypt,2016-01-26,498.67
1392,Doe,Female,63,China,2016-01-27,886.15
1393,Fatima,Female,42,China,2016-01-28,254.95
1394,Fatima,Female,34,India,2016-01-29,693.92
1395,Doe,Male,46,Germany,2016-01-30,627.36
1396,Emily,Female,25,Egypt,2016-01-31,330.54
1397,Fatima,Male,32,Germany,2016-02-01,179.77
1398,Michael,Male,44,India,2016-02-02,669.06
1399,Fatima,Female,63,China,2016-02-03,751.67
1400,Ahmed,Male,67,France,2016-02-04,349.85
1401,Fatima,Male,69,Germany,2016-02-05,662.59
1402,Emily,Male,24,China,2016-02-06,425.37
1403,Doe,Male,20,China,2016-02-07,727.55
1404,Ahmed,Female,46,USA,2016-02-08,239.25
1405,Fatima,Female,61,Germany,2016-02-09,895.7
1406,Emily,Female,41,France,2016-02-10,323.04
1407,Michael,Female,20,Germany,2016-02-11,399.4
1408,Fatima,Male,37,China,2016-02-12,105.19
1409,Emily,Male,63,France,2016-02-13,155.94
1410,Michael,Female,32,India,2016-02-14,540.07
1411,Doe,Female,42,USA,2016-02-15,304.21
1412,Fatima,Female,47,China,2016-02-16,843.71
1413,Michael,Male,31,Egypt,2016-02-17,63.96
1414,Ahmed,Female,24,Egypt,2016-02-18,410.14
1415,Doe,Female,34,USA,2016-02-19,370.48
1416,Ahmed,Female,61,India,2016-02-20,68.36
1417,Sara,Male,37,China,2016-02-21,168.15
1418,John,Male,53,Germany,2016-02-22,442.96
1419,Fatima,Male,26,USA,2016-02-23,518.22
1420,Michael,Male,55,India,2016-02-24,434.08
1421,John,Male,65,Germany,2016-02-25,554.39
1422,John,Male,39,Egypt,2016-02-26,615.38
1423,Michael,Male,19,Egypt,2016-02-27,59.43
1424,Doe,Male,41,Germany,2016-02-28,490.89
1425,Fatima,Female,25,USA,2016-02-29,965.32
1426,Sara,Female,28,Egypt,2016-03-01,543.08
1427,Ahmed,Male,30,China,2016-03-02,693.67
1428,Emily,Male,34,France,2016-03-03,346.27
1429,Ahmed,Female,25,Germany,2016-03-04,785.29
1430,Emily,Male,38,Germany,2016-03-05,784.28
1431,Ahmed,Male,35,Egypt,2016-03-06,545.23
1432,Michael,Male,47,USA,2016-03-07,977.21
1433,Sara,Female,35,China,2016-03-08,169.27
1434,Fatima,Female,63,USA,2016-03-09,66.1
1435,Emily,Female,64,India,2016-03-10,781.65
1436,Fatima,Female,48,India,2016-03-11,816.8
1437,Fatima,Female,55,France,2016-03-12,164.2
1438,Fatima,Male,49,Egypt,2016-03-13,302.3
1439,David,Female,28,Egypt,2016-03-14,66.67
1440,Doe,Male,62,Egypt,2016-03-15,328.64
1441,Ahmed,Male,42,France,2016-03-16,784.48
1442,Fatima,Female,50,India,2016-03-17,542.06
1443,Ahmed,Female,55,USA,2016-03-18,380.69
1444,Fatima,Male,58,France,2016-03-19,403.15
1445,Emily,Male,25,France,2016-03-20,51.29
1446,Doe,Male,28,USA,2016-03-21,334.81
1447,Doe,Female,39,Egypt,2016-03-22,664.14
1448,Michael,Female,68,China,2016-03-23,975.48
1449,David,Female,41,USA,2016-03-24,854.71
1450,Michael,Female,58,India,2016-03-25,72.42
1451,Michael,Female,34,Germany,2016-03-26,903.63
1452,Michael,Male,29,Germany,2016-03-27,794.04
1453,Michael,Female,63,France,2016-03-28,791.36
1454,Michael,Male,49,Germany,2016-03-29,485.1
1455,Sara,Male,32,China,2016-03-30,428.11
1456,Doe,Male,33,Egypt,2016-03-31,337.77
1457,Michael,Female,39,India,2016-04-01,112.41
1458,Fatima,Female,45,China,2016-04-02,266.82
1459,Doe,Female,37,India,2016-04-03,284.27
1460,Doe,Male,50,India,2016-04-04,509.87
1461,John,Male,27,Egypt,2016-04-05,760.07
1462,Sara,Male,57,France,2016-04-06,500.12
1463,Michael,Male,49,Germany,2016-04-07,104.95
1464,Ahmed,Male,67,Egypt,2016-04-08,959.9
1465,Emily,Male,50,China,2016-04-09,945.59
1466,David,Female,19,France,2016-04-10,795.93
1467,Fatima,Female,50,China,2016-04-11,991.76
1468,Ahmed,Female,50,France,2016-04-12,567.26
1469,Sara,Female,58,China,2016-04-13,964.63
1470,Emily,Male,30,Egypt,2016-04-14,121.82
1471,Sara,Male,47,France,2016-04-15,397.4
1472,Fatima,Female,50,France,2016-04-16,264.11
1473,Doe,Male,30,India,2016-04-17,236.04
1474,Emily,Female,69,India,2016-04-18,183.76
1475,Doe,Female,43,USA,2016-04-19,641.29
1476,Fatima,Female,39,China,2016-04-20,792.26
1477,Ahmed,Male,56,India,2016-04-21,599.38
1478,Fatima,Female,19,USA,2016-04-22,189.61
1479,Ahmed,Female,55,India,2016-04-23,820.57
1480,Emily,Female,56,China,2016-04-24,654.16
1481,Emily,Male,43,France,2016-04-25,418.76
1482,Michael,Male,63,Germany,2016-04-26,690.42
1483,Sara,Female,67,China,2016-04-27,296.91
1484,Michael,Male,32,Egypt,2016-04-28,377.93
1485,Sara,Male,51,India,2016-04-29,921.61
1486,Michael,Male,59,India,2016-04-30,325.98
1487,Doe,Male,61,France,2016-05-01,496.49
1488,Emily,Male,66,Egypt,2016-05-02,895.63
1489,Ahmed,Male,57,France,2016-05-03,722.34
1490,Sara,Male,28,Egypt,2016-05-04,109.09
1491,Fatima,Male,20,Germany,2016-05-05,189.94
1492,Sara,Male,23,India,2016-05-06,57.45
1493,Ahmed,Male,26,India,2016-05-07,649.38
1494,Michael,Female,23,Germany,2016-05-08,475.29
1495,Sara,Female,26,USA,2016-05-09,177.56
1496,David,Male,56,France,2016-05-10,960.04
1497,Doe,Female,48,Germany,2016-05-11,553.18
1498,Emily,Female,49,France,2016-05-12,279.8
1499,Ahmed,Male,58,China,2016-05-13,525.57
1500,Emily,Male,67,India,2016-05-14,695.64
1501,David,Male,29,France,2016-05-15,122.43
1502,Sara,Female,25,Egypt,2016-05-16,310.97
1503,Sara,Female,25,France,2016-05-17,816.62
1504,Fatima,Male,67,China,2016-05-18,486.68
1505,David,Male,45,India,2016-05-19,569.25
1506,Ahmed,Male,37,Germany,2016-05-20,461.18
1507,Fatima,Female,64,China,2016-05-21,91.7
1508,Doe,Female,24,India,2016-05-22,207.46
1509,Fatima,Female,28,France,2016-05-23,473.26
1510,John,Female,37,USA,2016-05-24,248.73
1511,Ahmed,Male,33,USA,2016-05-25,97.48
1512,John,Male,21,Egypt,2016-05-26,851.47
1513,David,Male,23,India,2016-05-27,982.13
1514,Michael,Male,39,USA,2016-05-28,803.49
1515,John,Female,43,Germany,2016-05-29,861.1
1516,Doe,Female,20,India,2016-05-30,279.88
1517,Fatima,Male,58,Germany,2016-05-31,962.6
1518,Michael,Male,59,Germany,2016-06-01,237.08
1519,Fatima,Female,31,USA,2016-06-02,953.86
1520,John,Male,28,India,2016-06-03,995.08
1521,Fatima,Female,35,France,2016-06-04,726.14
1522,David,Male,29,China,2016-06-05,982.09
1523,Michael,Male,40,USA,2016-06-06,591.06
1524,David,Male,29,USA,2016-06-07,296.56
1525,John,Male,30,France,2016-06-08,465.15
1526,David,Male,42,India,2016-06-09,613.88
1527,Doe,Male,62,India,2016-06-10,119.43
1528,John,Male,68,Germany,2016-06-11,641.23
1529,John,Female,36,France,2016-06-12,982.12
1530,John,Female,63,France,2016-06-13,230.6
1531,Ahmed,Female,53,India,2016-06-14,802.97
1532,Fatima,Female,62,Germany,2016-06-15,912.5
1533,Ahmed,Female,25,USA,2016-06-16,946.52
1534,Ahmed,Male,46,Egypt,2016-06-17,962.13
1535,Doe,Male,49,China,2016-06-18,545.39
1536,Michael,Female,68,USA,2016-06-19,978.44
1537,Fatima,Male,61,India,2016-06-20,769.44
1538,David,Female,35,China,2016-06-21,203.59
1539,Sara,Female,23,Egypt,2016-06-22,503.06
1540,John,Male,35,Egypt,2016-06-23,732.41
1541,David,Male,36,Germany,2016-06-24,284.97
1542,John,Male,39,China,2016-06-25,658.58
1543,Doe,Female,54,Germany,2016-06-26,683.27
1544,John,Male,49,USA,2016-06-27,204.56
1545,Ahmed,Female,58,France,2016-06-28,586.83
1546,Fatima,Female,20,France,2016-06-29,783.05
1547,Sara,Female,45,France,2016-06-30,523.95
1548,Emily,Male,27,China,2016-07-01,61.5
1549,John,Male,68,France,2016-07-02,58.59
1550,David,Female,52,USA,2016-07-03,389.18
1551,Ahmed,Male,46,Germany,2016-07-04,929.88
1552,Emily,Male,32,China,2016-07-05,267.24
1553,Sara,Male,50,Germany,2016-07-06,652.65
1554,Emily,Female,24,China,2016-07-07,260.97
1555,Ahmed,Female,29,Germany,2016-07-08,355.59
1556,Fatima,Male,66,Egypt,2016-07-09,855.64
1557,Fatima,Female,47,Germany,2016-07-10,742.42
1558,Michael,Male,38,France,2016-07-11,140.63
1559,Fatima,Male,48,Egypt,2016-07-12,457.27
1560,Michael,Male,41,Germany,2016-07-13,77.71
1561,Emily,Male,37,China,2016-07-14,506.85
1562,Doe,Female,54,China,2016-07-15,679.31
1563,David,Female,21,China,2016-07-16,162.58
1564,David,Female,45,India,2016-07-17,324.44
1565,Emily,Male,61,USA,2016-07-18,427.94
1566,John,Male,37,China,2016-07-19,923.55
1567,John,Male,41,Egypt,2016-07-20,993.59
1568,Fatima,Female,67,China,2016-07-21,92.67
1569,David,Male,66,India,2016-07-22,772.96
1570,David,Female,68,France,2016-07-23,403.14
1571,Michael,Female,49,Egypt,2016-07-24,422.84
1572,Doe,Female,58,India,2016-07-25,766.55
1573,Ahmed,Female,53,France,2016-07-26,922.51
1574,John,Female,51,Egypt,2016-07-27,953.38
1575,David,Female,53,Germany,2016-07-28,598.27
1576,Michael,Male,19,USA,2016-07-29,389.27
1577,Sara,Male,32,USA,2016-07-30,798.17
1578,Michael,Female,51,India,2016-07-31,288.45
1579,John,Female,53,France,2016-08-01,585.87
1580,John,Male,23,USA,2016-08-02,390.65
1581,Michael,Female,56,France,2016-08-03,673.8
1582,Ahmed,Female,59,France,2016-08-04,278.38
1583,Emily,Male,68,India,2016-08-05,232.01
1584,John,Female,68,India,2016-08-06,922.33
1585,Michael,Female,29,India,2016-08-07,146.71
1586,David,Female,20,USA,2016-08-08,530.66
1587,Michael,Male,62,India,2016-08-09,259.81
1588,Doe,Male,35,USA,2016-08-10,86.98
1589,Emily,Male,57,India,2016-08-11,84.22
1590,Sara,Female,38,China,2016-08-12,216.46
1591,Ahmed,Female,32,France,2016-08-13,873.43
1592,Fatima,Male,50,India,2016-08-14,318.35
1593,Sara,Female,52,Egypt,2016-08-15,952.94
1594,Emily,Female,43,France,2016-08-16,602.54
1595,Emily,Female,25,France,2016-08-17,464.78
1596,Emily,Female,53,India,2016-08-18,601.08
1597,Sara,Female,65,Germany,2016-08-19,540.86
1598,David,Male,47,India,2016-08-20,770.84
1599,Emily,Female,40,France,2016-08-21,318.37
1600,Michael,Male,59,Egypt,2016-08-22,385.4
1601,Sara,Female,61,France,2016-08-23,899.39
1602,Fatima,Male,31,Egypt,2016-08-24,949.13
1603,Emily,Female,31,USA,2016-08-25,897.93
1604,Michael,Male,19,China,2016-08-26,448.48
1605,David,Female,54,France,2016-08-27,791.35
1606,Doe,Male,22,India,2016-08-28,502.52
1607,David,Female,55,USA,2016-08-29,522.66
1608,Fatima,Male,62,China,2016-08-30,244.45
1609,Emily,Female,58,India,2016-08-31,611.57
1610,Fatima,Male,64,Germany,2016-09-01,226.83
1611,Sara,Male,31,India,2016-09-02,364.99
1612,John,Female,56,Egypt,2016-09-03,862.28
1613,Emily,Female,42,Egypt,2016-09-04,246.72
1614,John,Male,37,Germany,2016-09-05,117.6
1615,Michael,Female,19,USA,2016-09-06,115.56
1616,Doe,Male,56,China,2016-09-07,943.75
1617,Ahmed,Male,23,India,2016-09-08,531.57
1618,Fatima,Male,34,Egypt,2016-09-09,438.94
1619,David,Female,42,USA,2016-09-10,820.33
1620,Doe,Male,45,Germany,2016-09-11,844.03
1621,Emily,Male,19,France,2016-09-12,365.58
1622,John,Female,52,Egypt,2016-09-13,708.94
1623,David,Female,54,Germany,2016-09-14,782.57
1624,John,Female,22,India,2016-09-15,671.92
1625,Sara,Female,18,China,2016-09-16,194.02
1626,John,Male,57,Egypt,2016-09-17,882.09
1627,Sara,Male,29,Egypt,2016-09-18,562.14
1628,Michael,Male,53,India,2016-09-19,318.35
1629,David,Male,62,France,2016-09-20,453.97
1630,David,Female,40,USA,2016-09-21,85.69
1631,Ahmed,Male,64,China,2016-09-22,171.47
1632,Emily,Male,48,Egypt,2016-09-23,777.27
1633,Sara,Female,28,China,2016-09-24,50.01
1634,Ahmed,Male,27,Egypt,2016-09-25,445.74
1635,John,Male,20,China,2016-09-26,546.38
1636,John,Male,31,Germany,2016-09-27,101.9
1637,Ahmed,Male,33,Egypt,2016-09-28,974.42
1638,David,Male,27,China,2016-09-29,264.82
1639,John,Male,46,USA,2016-09-30,338.99
1640,Fatima,Female,27,Germany,2016-10-01,338.75
1641,Michael,Female,29,Germany,2016-10-02,268.9
1642,Michael,Male,47,USA,2016-10-03,51.4
1643,Fatima,Male,58,China,2016-10-04,742.88
1644,Ahmed,Female,18,India,2016-10-05,968.5
1645,Fatima,Male,22,USA,2016-10-06,263.08
1646,Sara,Male,37,China,2016-10-07,679.89
1647,Sara,Male,25,USA,2016-10-08,754.8
1648,Ahmed,Female,60,USA,2016-10-09,856.0
1649,Fatima,Male,29,Egypt,2016-10-10,451.5
1650,Sara,Female,18,China,2016-10-11,337.78
1651,David,Male,37,India,2016-10-12,359.03
1652,Fatima,Female,45,Egypt,2016-10-13,726.99
1653,David,Female,60,USA,2016-10-14,825.94
1654,Sara,Male,54,France,2016-10-15,222.53
1655,Michael,Female,64,USA,2016-10-16,402.39
1656,Sara,Male,54,USA,2016-10-17,906.84
1657,David,Female,29,China,2016-10-18,816.36
1658,Doe,Male,54,China,2016-10-19,985.62
1659,Emily,Male,66,Egypt,2016-10-20,766.54
1660,John,Female,66,India,2016-10-21,423.54
1661,Fatima,Male,61,Egypt,2016-10-22,611.11
1662,Doe,Male,45,Germany,2016-10-23,677.96
1663,Sara,Female,64,USA,2016-10-24,124.53
1664,Michael,Male,32,France,2016-10-25,567.27
1665,Ahmed,Male,23,USA,2016-10-26,723.85
1666,Sara,Female,61,USA,2016-10-27,208.96
1667,Michael,Female,37,Egypt,2016-10-28,791.6
1668,Emily,Male,67,France,2016-10-29,604.58
1669,Sara,Male,31,France,2016-10-30,954.61
1670,David,Female,19,France,2016-10-31,90.3
1671,Ahmed,Female,26,Egypt,2016-11-01,302.06
1672,Michael,Male,54,USA,2016-11-02,621.48
1673,Michael,Female,37,Egypt,2016-11-03,331.73
1674,Michael,Male,43,China,2016-11-04,728.7
1675,Emily,Male,46,China,2016-11-05,771.06
1676,Sara,Male,18,Egypt,2016-11-06,147.39
1677,Emily,Male,52,France,2016-11-07,538.16
1678,Fatima,Male,23,USA,2016-11-08,533.45
1679,John,Female,54,Egypt,2016-11-09,400.82
1680,John,Female,22,Egypt,2016-11-10,936.28
1681,Fatima,Female,50,Egypt,2016-11-11,836.13
1682,Sara,Female,66,Germany,2016-11-12,712.35
1683,David,Male,68,China,2016-11-13,728.61
1684,Emily,Male,31,France,2016-11-14,488.63
1685,Ahmed,Male,29,India,2016-11-15,924.94
1686,Michael,Male,59,France,2016-11-16,709.87
1687,Michael,Female,37,India,2016-11-17,742.53
1688,Sara,Male,67,Germany,2016-11-18,868.61
1689,David,Male,41,Egypt,2016-11-19,310.37
1690,John,Female,60,Germany,2016-11-20,816.72
1691,John,Female,51,Germany,2016-11-21,235.48
1692,Michael,Female,42,USA,2016-11-22,378.07
1693,Sara,Female,67,China,2016-11-23,368.83
1694,Emily,Male,46,India,2016-11-24,979.6
1695,John,Male,56,Egypt,2016-11-25,863.71
1696,Emily,Female,48,India,2016-11-26,716.11
1697,David,Male,64,France,2016-11-27,740.7
1698,John,Male,60,India,2016-11-28,583.97
1699,John,Male,67,France,2016-11-29,949.74
1700,Doe,Female,40,China,2016-11-30,521.45
1701,John,Male,61,France,2016-12-01,411.49
1702,Fatima,Female,55,India,2016-12-02,204.88
1703,Ahmed,Male,37,India,2016-12-03,796.9
1704,Fatima,Male,40,France,2016-12-04,747.72
1705,Sara,Male,62,Germany,2016-12-05,415.14
1706,Sara,Female,69,China,2016-12-06,73.93
1707,Emily,Male,33,USA,2016-12-07,847.05
1708,Fatima,Female,67,Egypt,2016-12-08,60.85
1709,Fatima,Female,59,India,2016-12-09,718.51
1710,Fatima,Female,25,Egypt,2016-12-10,971.74
1711,David,Male,67,USA,2016-12-11,465.78
1712,John,Male,38,Egypt,2016-12-12,273.22
1713,Ahmed,Male,18,USA,2016-12-13,719.63
1714,Emily,Male,25,France,2016-12-14,826.27
1715,Fatima,Female,46,Germany,2016-12-15,569.11
1716,Fatima,Female,49,India,2016-12-16,968.68
1717,Doe,Female,55,USA,2016-12-17,99.09
1718,Emily,Male,22,Egypt,2016-12-18,529.56
1719,Fatima,Female,64,India,2016-12-19,732.53
1720,Emily,Male,39,Germany,2016-12-20,869.51
1721,John,Female,64,France,2016-12-21,220.29
1722,Doe,Male,51,India,2016-12-22,810.0
1723,Emily,Male,18,USA,2016-12-23,575.07
1724,Ahmed,Female,43,Germany,2016-12-24,426.73
1725,Ahmed,Female,60,Egypt,2016-12-25,175.13
1726,Sara,Female,27,Germany,2016-12-26,872.03
1727,Doe,Female,47,Germany,2016-12-27,199.41
1728,Doe,Male,67,China,2016-12-28,344.3
1729,Sara,Female,35,Germany,2016-12-29,325.54
1730,Emily,Female,34,Germany,2016-12-30,877.84
1731,Doe,Female,43,India,2016-12-31,689.07
1732,Ahmed,Male,25,Egypt,2017-01-01,806.85
1733,Ahmed,Male,64,India,2017-01-02,287.94
1734,Fatima,Female,57,India,2017-01-03,643.63
1735,John,Male,66,USA,2017-01-04,593.16
1736,Doe,Female,29,India,2017-01-05,841.19
1737,Emily,Male,44,China,2017-01-06,910.78
1738,Sara,Male,25,China,2017-01-07,61.55
1739,Sara,Male,42,USA,2017-01-08,690.32
1740,Emily,Male,63,France,2017-01-09,99.24
1741,David,Female,21,Egypt,2017-01-10,571.42
1742,Michael,Female,50,Egypt,2017-01-11,323.25
1743,John,Female,18,India,2017-01-12,341.44
1744,Sara,Male,36,India,2017-01-13,385.31
1745,Doe,Female,48,France,2017-01-14,640.23
1746,John,Female,33,India,2017-01-15,367.35
1747,Doe,Female,31,Egypt,2017-01-16,746.06
1748,David,Male,65,Germany,2017-01-17,434.3
1749,Ahmed,Male,22,China,2017-01-18,114.94
1750,John,Male,58,Germany,2017-01-19,794.57
1751,Fatima,Female,43,Germany,2017-01-20,321.47
1752,Sara,Female,45,Egypt,2017-01-21,461.13
1753,John,Female,19,Germany,2017-01-22,701.17
1754,John,Male,67,France,2017-01-23,365.83
1755,John,Male,23,USA,2017-01-24,103.76
1756,Michael,Female,26,India,2017-01-25,405.22
1757,John,Male,50,USA,2017-01-26,947.23
1758,Doe,Male,58,China,2017-01-27,659.65
1759,Ahmed,Male,42,India,2017-01-28,687.91
1760,David,Male,65,Germany,2017-01-29,650.67
1761,Emily,Female,30,China,2017-01-30,239.04
1762,John,Male,26,India,2017-01-31,447.42
1763,Sara,Male,30,France,2017-02-01,763.39
1764,John,Male,48,France,2017-02-02,146.3
1765,Sara,Male,58,France,2017-02-03,313.96
1766,Doe,Female,28,France,2017-02-04,312.5
1767,Sara,Female,21,Germany,2017-02-05,460.42
1768,Fatima,Male,51,USA,2017-02-06,981.35
1769,Emily,Male,55,India,2017-02-07,114.13
1770,Ahmed,Male,63,Germany,2017-02-08,542.77
1771,Sara,Male,21,France,2017-02-09,220.4
1772,Sara,Male,55,USA,2017-02-10,972.14
1773,Ahmed,Male,36,China,2017-02-11,157.64
1774,Emily,Female,23,China,2017-02-12,433.42
1775,John,Male,51,China,2017-02-13,750.99
1776,Sara,Female,35,France,2017-02-14,719.33
1777,Ahmed,Female,30,China,2017-02-15,451.59
1778,Fatima,Male,58,Egypt,2017-02-16,379.2
1779,Fatima,Female,40,India,2017-02-17,427.73
1780,Doe,Female,36,India,2017-02-18,301.06
1781,Ahmed,Female,62,France,2017-02-19,245.07
1782,Doe,Female,28,Egypt,2017-02-20,508.89
1783,Fatima,Female,18,Germany,2017-02-21,305.11
1784,Emily,Female,41,Germany,2017-02-22,323.09
1785,John,Male,24,China,2017-02-23,673.92
1786,Ahmed,Female,42,USA,2017-02-24,970.11
1787,David,Female,38,Germany,2017-02-25,623.46
1788,Fatima,Female,32,USA,2017-02-26,123.13
1789,Fatima,Male,18,India,2017-02-27,121.8
1790,David,Female,29,USA,2017-02-28,953.85
1791,Michael,Male,24,India,2017-03-01,332.43
1792,Fatima,Female,32,Egypt,2017-03-02,137.46
1793,Sara,Male,38,Egypt,2017-03-03,619.09
1794,Emily,Male,36,France,2017-03-04,642.47
1795,Ahmed,Female,46,France,2017-03-05,666.08
1796,David,Female,42,China,2017-03-06,304.03
1797,Sara,Male,50,Germany,2017-03-07,64.36
1798,David,Female,66,China,2017-03-08,966.76
1799,Ahmed,Male,49,India,2017-03-09,288.35
1800,Doe,Male,66,China,2017-03-10,692.22
1801,Ahmed,Male,52,USA,2017-03-11,721.3
1802,Michael,Male,61,India,2017-03-12,629.51
1803,Ahmed,Male,55,France,2017-03-13,347.26
1804,Ahmed,Female,43,Egypt,2017-03-14,307.54
1805,Michael,Male,28,France,2017-03-15,617.78
1806,Emily,Male,52,Germany,2017-03-16,872.79
1807,Fatima,Female,25,India,2017-03-17,949.4
1808,Ahmed,Male,63,India,2017-03-18,150.61
1809,Michael,Female,31,USA,2017-03-19,197.09
1810,Sara,Female,27,Germany,2017-03-20,947.5
1811,Doe,Female,19,Egypt,2017-03-21,749.71
1812,Doe,Male,63,India,2017-03-22,888.84
1813,Ahmed,Male,26,India,2017-03-23,242.5
1814,Emily,Male,20,USA,2017-03-24,608.21
1815,Emily,Female,38,China,2017-03-25,716.08
1816,Sara,Male,43,Egypt,2017-03-26,696.11
1817,Ahmed,Female,25,France,2017-03-27,437.74
1818,Doe,Male,65,Germany,2017-03-28,64.63
1819,Emily,Female,19,India,2017-03-29,603.78
1820,Ahmed,Male,23,India,2017-03-30,290.45
1821,David,Male,45,France,2017-03-31,477.74
1822,Emily,Male,46,Egypt,2017-04-01,959.7
1823,Michael,Female,43,China,2017-04-02,429.08
1824,David,Female,42,India,2017-04-03,847.81
1825,Fatima,Male,29,Egypt,2017-04-04,229.11
1826,Emily,Male,22,France,2017-04-05,688.84
1827,Doe,Female,51,USA,2017-04-06,978.16
1828,John,Female,65,China,2017-04-07,146.8
1829,David,Female,54,Germany,2017-04-08,57.9
1830,Fatima,Male,32,India,2017-04-09,461.9
1831,Sara,Female,61,Egypt,2017-04-10,137.99
1832,Sara,Male,53,USA,2017-04-11,760.97
1833,Doe,Female,32,Germany,2017-04-12,918.82
1834,Emily,Male,60,Egypt,2017-04-13,462.32
1835,Ahmed,Female,65,Egypt,2017-04-14,295.78
1836,Emily,Female,40,Germany,2017-04-15,462.68
1837,Doe,Female,23,USA,2017-04-16,737.28
1838,Sara,Female,63,France,2017-04-17,58.6
1839,Emily,Female,67,USA,2017-04-18,609.98
1840,Sara,Male,61,China,2017-04-19,632.63
1841,David,Female,60,India,2017-04-20,655.8
1842,Fatima,Female,62,Germany,2017-04-21,279.92
1843,Ahmed,Female,38,France,2017-04-22,728.35
1844,David,Male,40,Germany,2017-04-23,136.82
1845,Sara,Female,60,Germany,2017-04-24,239.31
1846,Sara,Male,33,USA,2017-04-25,883.6
1847,John,Female,64,India,2017-04-26,751.79
1848,John,Female,32,China,2017-04-27,63.06
1849,David,Male,42,Egypt,2017-04-28,285.96
1850,Michael,Female,53,Egypt,2017-04-29,253.69
1851,David,Male,28,Germany,2017-04-30,307.27
1852,John,Male,68,India,2017-05-01,285.18
1853,Sara,Female,32,France,2017-05-02,109.4
1854,Doe,Male,21,USA,2017-05-03,485.99
1855,David,Female,38,India,2017-05-04,746.1
1856,Sara,Female,30,India,2017-05-05,626.4
1857,Doe,Male,39,USA,2017-05-06,689.23
1858,Doe,Male,36,Germany,2017-05-07,127.09
1859,John,Male,51,India,2017-05-08,953.92
1860,David,Male,31,Egypt,2017-05-09,846.57
1861,Emily,Female,21,USA,2017-05-10,814.84
1862,Ahmed,Female,65,France,2017-05-11,831.83
1863,John,Male,69,China,2017-05-12,936.07
1864,John,Female,63,Germany,2017-05-13,567.04
1865,Emily,Female,44,USA,2017-05-14,240.27
1866,Ahmed,Female,46,China,2017-05-15,635.94
1867,Sara,Female,64,China,2017-05-16,755.74
1868,Michael,Male,45,France,2017-05-17,751.02
1869,David,Male,52,India,2017-05-18,545.38
1870,Michael,Female,25,France,2017-05-19,115.04
1871,Sara,Male,33,India,2017-05-20,402.56
1872,Fatima,Male,59,India,2017-05-21,924.73
1873,John,Male,53,USA,2017-05-22,605.23
1874,Ahmed,Female,47,USA,2017-05-23,561.42
1875,John,Female,35,Germany,2017-05-24,305.41
1876,Doe,Female,19,India,2017-05-25,400.03
1877,John,Male,66,China,2017-05-26,900.58
1878,John,Female,30,Egypt,2017-05-27,683.14
1879,Sara,Female,21,Germany,2017-05-28,798.02
1880,Sara,Male,43,USA,2017-05-29,481.63
1881,Sara,Female,42,France,2017-05-30,648.73
1882,Michael,Female,47,Germany,2017-05-31,285.96
1883,Doe,Male,28,Germany,2017-06-01,720.19
1884,Fatima,Male,24,Germany,2017-06-02,456.22
1885,Fatima,Male,48,Germany,2017-06-03,470.42
1886,Sara,Female,61,Egypt,2017-06-04,666.86
1887,Ahmed,Female,27,France,2017-06-05,939.47
1888,Michael,Female,56,France,2017-06-06,110.81
1889,Emily,Male,30,France,2017-06-07,833.51
1890,Ahmed,Male,48,India,2017-06-08,327.76
1891,David,Female,24,China,2017-06-09,471.72
1892,David,Female,66,France,2017-06-10,70.82
1893,Ahmed,Male,59,Germany,2017-06-11,335.99
1894,Sara,Male,59,Germany,2017-06-12,527.5
1895,Emily,Male,53,France,2017-06-13,103.37
1896,Emily,Male,37,France,2017-06-14,516.54
1897,Michael,Female,21,Germany,2017-06-15,930.76
1898,Emily,Male,24,India,2017-06-16,150.12
1899,David,Female,18,USA,2017-06-17,776.22
1900,Doe,Female,61,USA,2017-06-18,439.19
1901,Sara,Female,62,France,2017-06-19,672.42
1902,Emily,Male,59,Egypt,2017-06-20,297.22
1903,Michael,Male,64,France,2017-06-21,201.52
1904,David,Male,30,France,2017-06-22,202.44
1905,Doe,Male,39,USA,2017-06-23,116.97
1906,John,Female,38,Germany,2017-06-24,226.36
1907,John,Male,39,France,2017-06-25,681.01
1908,Doe,Male,45,Germany,2017-06-26,887.61
1909,David,Female,26,Germany,2017-06-27,823.42
1910,Michael,Male,43,Egypt,2017-06-28,700.88
1911,Doe,Female,26,Germany,2017-06-29,154.91
1912,Sara,Female,32,USA,2017-06-30,324.73
1913,Sara,Female,27,India,2017-07-01,344.32
1914,John,Female,41,India,2017-07-02,287.46
1915,Emily,Female,59,China,2017-07-03,539.26
1916,Michael,Female,25,France,2017-07-04,558.78
1917,John,Female,41,USA,2017-07-05,389.04
1918,Emily,Female,33,Germany,2017-07-06,386.1
1919,Emily,Male,66,India,2017-07-07,837.13
1920,Fatima,Male,43,USA,2017-07-08,799.83
1921,Sara,Male,44,India,2017-07-09,342.41
1922,David,Male,54,Germany,2017-07-10,918.1
1923,Ahmed,Female,21,India,2017-07-11,955.17
1924,David,Male,67,France,2017-07-12,360.41
1925,Ahmed,Female,41,France,2017-07-13,386.7
1926,Doe,Male,36,China,2017-07-14,530.35
1927,Sara,Male,53,China,2017-07-15,944.06
1928,Emily,Male,56,India,2017-07-16,882.5
1929,Michael,Female,27,USA,2017-07-17,147.44
1930,Ahmed,Male,42,France,2017-07-18,423.09
1931,David,Female,35,USA,2017-07-19,575.7
1932,Emily,Female,36,USA,2017-07-20,527.98
1933,Ahmed,Male,53,India,2017-07-21,234.17
1934,Ahmed,Male,27,USA,2017-07-22,865.88
1935,Fatima,Male,50,France,2017-07-23,693.09
1936,Ahmed,Female,67,Germany,2017-07-24,846.01
1937,Michael,Male,22,China,2017-07-25,865.83
1938,Sara,Female,64,Germany,2017-07-26,760.94
1939,Michael,Female,66,USA,2017-07-27,467.25
1940,John,Male,52,Germany,2017-07-28,630.02
1941,Emily,Male,61,France,2017-07-29,202.35
1942,Sara,Female,51,France,2017-07-30,689.96
1943,Fatima,Female,50,USA,2017-07-31,220.29
1944,Sara,Female,38,India,2017-08-01,709.25
1945,Sara,Male,34,Germany,2017-08-02,268.12
1946,David,Female,39,India,2017-08-03,161.67
1947,Sara,Male,65,India,2017-08-04,207.02
1948,Fatima,Female,54,Egypt,2017-08-05,51.89
1949,Michael,Female,32,USA,2017-08-06,732.8
1950,Sara,Male,52,China,2017-08-07,745.78
1951,Doe,Female,45,France,2017-08-08,539.19
1952,Emily,Male,24,France,2017-08-09,203.29
1953,Sara,Male,49,USA,2017-08-10,129.38
1954,Emily,Female,28,China,2017-08-11,68.17
1955,Doe,Male,27,France,2017-08-12,207.46
1956,Doe,Male,26,USA,2017-08-13,896.31
1957,Emily,Female,31,France,2017-08-14,279.46
1958,Ahmed,Male,30,India,2017-08-15,386.56
1959,John,Male,42,Germany,2017-08-16,150.08
1960,David,Male,19,Germany,2017-08-17,261.24
1961,Ahmed,Female,52,France,2017-08-18,543.26
1962,Ahmed,Male,24,Egypt,2017-08-19,627.37
1963,Michael,Female,38,China,2017-08-20,283.08
1964,David,Female,35,China,2017-08-21,104.85
1965,David,Male,20,China,2017-08-22,421.48
1966,Ahmed,Male,59,India,2017-08-23,272.49
1967,Sara,Male,56,China,2017-08-24,258.58
1968,Michael,Female,58,Germany,2017-08-25,961.87
1969,Michael,Male,66,India,2017-08-26,635.49
1970,Doe,Male,28,USA,2017-08-27,579.03
1971,Fatima,Male,56,China,2017-08-28,444.99
1972,David,Male,41,China,2017-08-29,457.5
1973,Ahmed,Male,63,USA,2017-08-30,563.86
1974,Doe,Female,36,China,2017-08-31,711.61
1975,Emily,Female,21,USA,2017-09-01,717.04
1976,John,Male,43,India,2017-09-02,213.11
1977,Fatima,Male,55,Germany,2017-09-03,525.11
1978,Fatima,Male,59,USA,2017-09-04,441.36
1979,Fatima,Male,49,Egypt,2017-09-05,877.0
1980,Michael,Female,56,USA,2017-09-06,649.85
1981,Emily,Male,62,China,2017-09-07,555.88
1982,Fatima,Female,63,India,2017-09-08,159.62
1983,Emily,Female,53,France,2017-09-09,625.36
1984,Sara,Male,57,India,2017-09-10,161.34
1985,Fatima,Female,54,France,2017-09-11,370.35
1986,John,Female,50,USA,2017-09-12,185.7
1987,Emily,Female,53,Germany,2017-09-13,707.47
1988,Emily,Female,20,Egypt,2017-09-14,245.94
1989,John,Male,26,India,2017-09-15,422.27
1990,Fatima,Male,25,China,2017-09-16,900.89
1991,John,Female,50,France,2017-09-17,244.1
1992,Emily,Male,23,China,2017-09-18,532.41
1993,John,Male,58,Germany,2017-09-19,448.31
1994,Emily,Male,56,France,2017-09-20,67.22
1995,Emily,Male,21,India,2017-09-21,803.12
1996,Sara,Male,30,USA,2017-09-22,115.59
1997,Ahmed,Female,66,China,2017-09-23,500.54
1998,Emily,Male,19,Germany,2017-09-24,582.64
1999,Fatima,Male,22,India,2017-09-25,647.01
2000,Doe,Male,61,India,2017-09-26,704.2
